recordId,oid,extension,addressLine1,addressLine2,city,state,zip,phone,fax,county,hours,isInactive,action
,2.16.840.1.113883.4.6,x1083601256,477 CONNECTICUT BLVD,SUITE 117,EAST HARTFORD,CT,061083228,8602890470,8602890477,HARTFORD,M-F 8-5,,update
,2.16.840.1.113883.4.6,x1154410561,596 BURNSIDE AVE,,EAST HARTFORD,CT,061083538,8605286819,8605286899,HARTFORD,M-F 9-4,,update
,2.16.840.1.113883.4.6,x1295760742,11 CENTRAL AVE,,EAST HARTFORD,CT,061083102,8602894500,8602894511,HARTFORD,M-Th 9-6,,update
,2.16.840.1.113883.4.6,x1649241647,893 MAIN ST,SUITE 201,EAST HARTFORD,CT,061082292,8605285816,8605285866,HARTFORD,M-Th 10-7,,update
,2.16.840.1.113883.4.6,x1780673582,70 CONNECTICUT BLVD,,EAST HARTFORD,CT,061083013,8605284000,8605284011,HARTFORD,M-F 9-4,,update