recordId,providerOid,providerExtension,orgOid,orgExtension,addressLine1,city,state,zip,hours,isInactive,action
,2.16.840.1.113883.4.6,x1033277462,pac,x6103003041,474 SCHOOL ST,EAST HARTFORD,CT,061081149,M-F 8-5,,update
,2.16.840.1.113883.4.6,x1073532339,pac,x3678472016,800 CONNECTICUT BLVD,EAST HARTFORD,CT,061087303,M-Th 9-6,,update
,2.16.840.1.113883.4.6,x1083601256,2.16.840.1.113883.4.6,x1083601256,477 CONNECTICUT BLVD,EAST HARTFORD,CT,061083228,M-F 8-5,,update
,2.16.840.1.113883.4.6,x1134146574,pac,x2769453331,49 CONNECTICUT BLVD,EAST HARTFORD,CT,061083010,M-Th 10-7,,update
,2.16.840.1.113883.4.6,x1154410561,2.16.840.1.113883.4.6,x1154410561,596 BURNSIDE AVE,EAST HARTFORD,CT,061083538,M-F 9-4,,update